INSERT INTO EXPERIENCE(ID, EXPERIENCE) values (1,'Troqueur débutant');
INSERT INTO EXPERIENCE(ID, EXPERIENCE) values (2,'Troqueur amateur');
INSERT INTO EXPERIENCE(ID, EXPERIENCE) values (3,'Troqueur expert');

INSERT INTO PANIER (ID) VALUES (1);
INSERT INTO PANIER (ID) VALUES (2);
INSERT INTO PANIER (ID) VALUES (3);
INSERT INTO PANIER (ID) VALUES (4);
INSERT INTO PANIER (ID) VALUES (5);
INSERT INTO PANIER (ID) VALUES (6);
INSERT INTO PANIER (ID) VALUES (7);
INSERT INTO PANIER (ID) VALUES (8);
INSERT INTO PANIER (ID) VALUES (9);
INSERT INTO PANIER (ID) VALUES (10);
INSERT INTO PANIER (ID) VALUES (11);
INSERT INTO PANIER (ID) VALUES (12);
INSERT INTO PANIER (ID) VALUES (13);
INSERT INTO PANIER (ID) VALUES (14);
INSERT INTO PANIER (ID) VALUES (15);

INSERT INTO PREFERENCE (ID) values(1);
INSERT INTO PREFERENCE (ID) values(2);
INSERT INTO PREFERENCE (ID) values(3);
INSERT INTO PREFERENCE (ID) values(4);
INSERT INTO PREFERENCE (ID) values(5);
INSERT INTO PREFERENCE (ID) values(6);
INSERT INTO PREFERENCE (ID) values(7);
INSERT INTO PREFERENCE (ID) values(8);
INSERT INTO PREFERENCE (ID) values(9);
INSERT INTO PREFERENCE (ID) values(10);
INSERT INTO PREFERENCE (ID) values(11);
INSERT INTO PREFERENCE (ID) values(12);
INSERT INTO PREFERENCE (ID) values(13);
INSERT INTO PREFERENCE (ID) values(14);
INSERT INTO PREFERENCE (ID) values(15);

INSERT INTO UTILISATEUR(ID, IDXP, IDPANIER, IDPREFERENCE, PSEUDO, NOM, PRENOM, EMAIL, DATE_NAISSANCE, SOLDE, PASSWORD, PHOTO, DATE_INSCRIPTION) values (1,2,1,1,'AlainP', 'Provist', 'Alain ', 'alain.provist@gmail.com', '1988-12-03', '20', '1234', 'url1', '2017-05-17');
INSERT INTO UTILISATEUR(ID, IDXP, IDPANIER, IDPREFERENCE, PSEUDO, NOM, PRENOM, EMAIL, DATE_NAISSANCE, SOLDE, PASSWORD, PHOTO, DATE_INSCRIPTION) values (2,1,2,2,'AlexT', 'Térieur', 'Alex ', 'alex.terieur@yahoo.fr', '1984-07-21', '15', '1234', 'url2', '2017-05-18');
INSERT INTO UTILISATEUR(ID, IDXP, IDPANIER, IDPREFERENCE, PSEUDO, NOM, PRENOM, EMAIL, DATE_NAISSANCE, SOLDE, PASSWORD, PHOTO, DATE_INSCRIPTION) values (3,3,3,3,'CamilleZ', ' Zole', 'Camille', 'camille.zole@gamil.com', '1990-09-12', '4', '1234', 'url3', '2017-05-19');
INSERT INTO UTILISATEUR(ID, IDXP, IDPANIER, IDPREFERENCE, PSEUDO, NOM, PRENOM, EMAIL, DATE_NAISSANCE, SOLDE, PASSWORD, PHOTO, DATE_INSCRIPTION) values (4,3,4,4,'JeanR', ' Rigole', 'Jean', 'jean.rigole@yahoo.fr', '1989-12-14', '8', '1234', 'url4', '2017-05-20');
INSERT INTO UTILISATEUR(ID, IDXP, IDPANIER, IDPREFERENCE, PSEUDO, NOM, PRENOM, EMAIL, DATE_NAISSANCE, SOLDE, PASSWORD, PHOTO, DATE_INSCRIPTION) values (5,2,5,5,'SamiraB', ' Bien', 'Samira', 'samira.bien@yahoo.fr', '1996-02-24', '25', '1234', 'url5', '2017-05-21');
INSERT INTO UTILISATEUR(ID, IDXP, IDPANIER, IDPREFERENCE, PSEUDO, NOM, PRENOM, EMAIL, DATE_NAISSANCE, SOLDE, PASSWORD, PHOTO, DATE_INSCRIPTION) values (6,1,6,6,'HarryC', ' Cover', 'Harry', 'harry.cover@caramail.fr', '1998-05-05', '2', '1234', 'url6', '2017-05-22');
INSERT INTO UTILISATEUR(ID, IDXP, IDPANIER, IDPREFERENCE, PSEUDO, NOM, PRENOM, EMAIL, DATE_NAISSANCE, SOLDE, PASSWORD, PHOTO, DATE_INSCRIPTION) values (7,3,7,7,'LaureB', ' Brille', 'Laure', 'laure.brille@hotmail.fr', '1988-01-01', '15', '1234', 'url7', '2017-05-23');
INSERT INTO UTILISATEUR(ID, IDXP, IDPANIER, IDPREFERENCE, PSEUDO, NOM, PRENOM, EMAIL, DATE_NAISSANCE, SOLDE, PASSWORD, PHOTO, DATE_INSCRIPTION) values (8,2,8,8,'RemyF', ' Fassol', 'Remy', 'remy.fassol@yahoo.com', '1981-04-02', '10', '1234', 'url8', '2017-05-24');
INSERT INTO UTILISATEUR(ID, IDXP, IDPANIER, IDPREFERENCE, PSEUDO, NOM, PRENOM, EMAIL, DATE_NAISSANCE, SOLDE, PASSWORD, PHOTO, DATE_INSCRIPTION) values (9,1,9,9,'ClementT', ' Tine', 'Clément', 'clement.tine@gmail.com', '1990-11-11', '8', '1234', 'url9', '2017-05-25');
INSERT INTO UTILISATEUR(ID, IDXP, IDPANIER, IDPREFERENCE, PSEUDO, NOM, PRENOM, EMAIL, DATE_NAISSANCE, SOLDE, PASSWORD, PHOTO, DATE_INSCRIPTION) values (10,3,10,10,'JusteI', ' Icier', 'Juste', 'juste.icier@yahoo.fr', '1991-11-11', '2', '1234', 'url10', '2017-05-26');
INSERT INTO UTILISATEUR(ID, IDXP, IDPANIER, IDPREFERENCE, PSEUDO, NOM, PRENOM, EMAIL, DATE_NAISSANCE, SOLDE, PASSWORD, PHOTO, DATE_INSCRIPTION) values (11,1,11,11,'JeanN', ' Némard', 'Jean', 'jean.nemard@caramail.com', '1992-12-12', '80', '1234', 'url11', '2017-05-27');
INSERT INTO UTILISATEUR(ID, IDXP, IDPANIER, IDPREFERENCE, PSEUDO, NOM, PRENOM, EMAIL, DATE_NAISSANCE, SOLDE, PASSWORD, PHOTO, DATE_INSCRIPTION) values (12,2,12,12,'TimH', ' Hagine', 'Tim', 'tim.hagine@gmail.com', '1968-07-07', '10', '1234', 'url12', '2017-05-28');
INSERT INTO UTILISATEUR(ID, IDXP, IDPANIER, IDPREFERENCE, PSEUDO, NOM, PRENOM, EMAIL, DATE_NAISSANCE, SOLDE, PASSWORD, PHOTO, DATE_INSCRIPTION) values (13,2,13,13,'SarahC', ' Croche', 'Sarah', 'sarah.croche@yahoo.fr', '1981-04-04', '2', '1234', 'url13', '2017-05-29');
INSERT INTO UTILISATEUR(ID, IDXP, IDPANIER, IDPREFERENCE, PSEUDO, NOM, PRENOM, EMAIL, DATE_NAISSANCE, SOLDE, PASSWORD, PHOTO, DATE_INSCRIPTION) values (14,3,14,14,'EvaP', 'Porée', 'Eva', 'eva.poree@hotmail.com', '1972-06-06', '18', '1234', 'url14', '2017-05-30');
INSERT INTO UTILISATEUR(ID, IDXP, IDPANIER, IDPREFERENCE, PSEUDO, NOM, PRENOM, EMAIL, DATE_NAISSANCE, SOLDE, PASSWORD, PHOTO, DATE_INSCRIPTION) values (15,1,15,15,'JeanC', 'Coutu', 'Jean', 'jean.coutu@yahoo.fr', '1959-07-07', '22', '1234', 'url15', '2017-05-31');

UPDATE panier SET IdUtilisateur = 1 WHERE ID = 1;
UPDATE panier SET IdUtilisateur = 2 WHERE ID = 2;
UPDATE panier SET IdUtilisateur = 3 WHERE ID = 3;
UPDATE panier SET IdUtilisateur = 4 WHERE ID = 4;
UPDATE panier SET IdUtilisateur = 5 WHERE ID = 5;
UPDATE panier SET IdUtilisateur = 6 WHERE ID = 6;
UPDATE panier SET IdUtilisateur = 7 WHERE ID = 7;
UPDATE panier SET IdUtilisateur = 8 WHERE ID = 8;
UPDATE panier SET IdUtilisateur = 9 WHERE ID = 9;
UPDATE panier SET IdUtilisateur = 10 WHERE ID = 10;
UPDATE panier SET IdUtilisateur = 11 WHERE ID = 11;
UPDATE panier SET IdUtilisateur = 12 WHERE ID = 12;
UPDATE panier SET IdUtilisateur = 13 WHERE ID = 13;
UPDATE panier SET IdUtilisateur = 14 WHERE ID = 14;
UPDATE panier SET IdUtilisateur = 15 WHERE ID = 15;

UPDATE preference set IDUTILISATEUR=1 WHERE ID=1;
UPDATE preference set IDUTILISATEUR=2 WHERE ID=2;
UPDATE preference set IDUTILISATEUR=3 WHERE ID=3;
UPDATE preference set IDUTILISATEUR=4 WHERE ID=4;
UPDATE preference set IDUTILISATEUR=5 WHERE ID=5;
UPDATE preference set IDUTILISATEUR=6 WHERE ID=6;
UPDATE preference set IDUTILISATEUR=7 WHERE ID=7;
UPDATE preference set IDUTILISATEUR=8 WHERE ID=8;
UPDATE preference set IDUTILISATEUR=9 WHERE ID=9;
UPDATE preference set IDUTILISATEUR=10 WHERE ID=10;
UPDATE preference set IDUTILISATEUR=11 WHERE ID=11;
UPDATE preference set IDUTILISATEUR=12 WHERE ID=12;
UPDATE preference set IDUTILISATEUR=13 WHERE ID=13;
UPDATE preference set IDUTILISATEUR=14 WHERE ID=14;
UPDATE preference set IDUTILISATEUR=15 WHERE ID=15;

INSERT INTO LISTE(ID, IDUTILISATEUR, LIBELLE, DESCRIPTION, DATE_CREATION) values (1,1,'Anniversaire Rodrigue','Mon petit Rodrigue a déjà 2 ans, il va falloir lui trouver des super cadeaux','2017-05-12');
INSERT INTO LISTE(ID, IDUTILISATEUR, LIBELLE, DESCRIPTION, DATE_CREATION) values (2,2,'Anniversaire Markus','Il a 36 mois. Pitié, pas de Légos, il en a déjà bien assez.','2017-05-12');

INSERT INTO DOMAINE (ID, LIBELLE) values (1,'Jeux et Jouets');
INSERT INTO DOMAINE (ID, LIBELLE) values (2,'Multimédia');
INSERT INTO DOMAINE (ID, LIBELLE) values (3,'Maison');
INSERT INTO DOMAINE (ID, LIBELLE) values (4,'Sport et Loisirs');
INSERT INTO DOMAINE (ID, LIBELLE) values (5,'Vêtements et Accessoires');

INSERT INTO GROUPE(ID, IDDOMAINE, LIBELLE) values (1,1,'Activités manuelles et loisirs créatifs');
INSERT INTO GROUPE(ID, IDDOMAINE, LIBELLE) values (2,1,'Déguisements');
INSERT INTO GROUPE(ID, IDDOMAINE, LIBELLE) values (3,1,'Figurines d''action et leurs univers');
INSERT INTO GROUPE(ID, IDDOMAINE, LIBELLE) values (4,1,'Jeux de construction');
INSERT INTO GROUPE(ID, IDDOMAINE, LIBELLE) values (5,1,'Jeux ludo-éducatifs');
INSERT INTO GROUPE(ID, IDDOMAINE, LIBELLE) values (6,1,'Jeux de société');
INSERT INTO GROUPE(ID, IDDOMAINE, LIBELLE) values (7,1,'Peluches');
INSERT INTO GROUPE(ID, IDDOMAINE, LIBELLE) values (8,1,'Poupées, poupons et accessoires');
INSERT INTO GROUPE(ID, IDDOMAINE, LIBELLE) values (9,1,'Robotique : robots, compagnons interactifs');
INSERT INTO GROUPE(ID, IDDOMAINE, LIBELLE) values (10,1,'Véhicules');
INSERT INTO GROUPE(ID, IDDOMAINE, LIBELLE) values (11,1,'Jouets 1er Age');
INSERT INTO GROUPE(ID, IDDOMAINE, LIBELLE) values (12,1,'Cartes à jouer - Cartes à collectionner');
INSERT INTO GROUPE(ID, IDDOMAINE, LIBELLE) values (13,2,'Informatique');
INSERT INTO GROUPE(ID, IDDOMAINE, LIBELLE) values (14,2,'Consoles et Jeux vidéo');
INSERT INTO GROUPE(ID, IDDOMAINE, LIBELLE) values (15,2,'Image et Son');
INSERT INTO GROUPE(ID, IDDOMAINE, LIBELLE) values (16,2,'Téléphonie');
INSERT INTO GROUPE(ID, IDDOMAINE, LIBELLE) values (17,2,'Photo, Caméra');
INSERT INTO GROUPE(ID, IDDOMAINE, LIBELLE) values (18,3,'Ameublement');
INSERT INTO GROUPE(ID, IDDOMAINE, LIBELLE) values (19,3,'Electroménager');
INSERT INTO GROUPE(ID, IDDOMAINE, LIBELLE) values (20,3,'Cuisine');
INSERT INTO GROUPE(ID, IDDOMAINE, LIBELLE) values (21,4,'DVD / Films');
INSERT INTO GROUPE(ID, IDDOMAINE, LIBELLE) values (22,4,'CD / Musique');
INSERT INTO GROUPE(ID, IDDOMAINE, LIBELLE) values (23,4,'Livres');
INSERT INTO GROUPE(ID, IDDOMAINE, LIBELLE) values (24,4,'Animaux');
INSERT INTO GROUPE(ID, IDDOMAINE, LIBELLE) values (25,4,'Instruments de musique');
INSERT INTO GROUPE(ID, IDDOMAINE, LIBELLE) values (26,4,'Sport');
INSERT INTO GROUPE(ID, IDDOMAINE, LIBELLE) values (27,5,'Homme');
INSERT INTO GROUPE(ID, IDDOMAINE, LIBELLE) values (28,5,'Femme');
INSERT INTO GROUPE(ID, IDDOMAINE, LIBELLE) values (29,5,'Enfant');
INSERT INTO GROUPE(ID, IDDOMAINE, LIBELLE) values (30,5,'Bijoux et Accessoires');

INSERT INTO PRODUIT(ID, IDGROUPE, LIBELLE) values (1,1,'Portiques et Aires de jeux');
INSERT INTO PRODUIT(ID, IDGROUPE, LIBELLE) values (2,1,'Maisons, Tentes et Toboggans');
INSERT INTO PRODUIT(ID, IDGROUPE, LIBELLE) values (3,1,'Vélos et Tricycles');
INSERT INTO PRODUIT(ID, IDGROUPE, LIBELLE) values (4,1,'Véhicules électriques et tracteurs');
INSERT INTO PRODUIT(ID, IDGROUPE, LIBELLE) values (5,1,'Trampolines et Jeux Sauteurs');
INSERT INTO PRODUIT(ID, IDGROUPE, LIBELLE) values (6,1,'Glisse Urbaine');
INSERT INTO PRODUIT(ID, IDGROUPE, LIBELLE) values (7,1,'Tables de jeux');
INSERT INTO PRODUIT(ID, IDGROUPE, LIBELLE) values (8,1,'Equipements de sécurité et Accessoires');
INSERT INTO PRODUIT(ID, IDGROUPE, LIBELLE) values (9,1,'Jeux de Tir');
INSERT INTO PRODUIT(ID, IDGROUPE, LIBELLE) values (10,1,'Bacs à sable et Jeux de sable');
INSERT INTO PRODUIT(ID, IDGROUPE, LIBELLE) values (11,1,'Sports');
INSERT INTO PRODUIT(ID, IDGROUPE, LIBELLE) values (12,1,'Petits Jouets de plein air');
INSERT INTO PRODUIT(ID, IDGROUPE, LIBELLE) values (13,1,'Piscines');
INSERT INTO PRODUIT(ID, IDGROUPE, LIBELLE) values (14,1,'Jeux d''exterieur - Livraison Directe');
INSERT INTO PRODUIT(ID, IDGROUPE, LIBELLE) values (15,1,'Jeux d''eau');
INSERT INTO PRODUIT(ID, IDGROUPE, LIBELLE) values (16,1,'Mobilier de jardin');
INSERT INTO PRODUIT(ID, IDGROUPE, LIBELLE) values (17,2,'Déguisements filles');
INSERT INTO PRODUIT(ID, IDGROUPE, LIBELLE) values (18,2,'Accessoires de déguisements filles');
INSERT INTO PRODUIT(ID, IDGROUPE, LIBELLE) values (19,2,'Déguisements garçons');
INSERT INTO PRODUIT(ID, IDGROUPE, LIBELLE) values (20,2,'Accessoires de déguisements garçons');
INSERT INTO PRODUIT(ID, IDGROUPE, LIBELLE) values (21,2,'Déguisements adultes femmes');
INSERT INTO PRODUIT(ID, IDGROUPE, LIBELLE) values (22,2,'Déguisements adultes hommes');
INSERT INTO PRODUIT(ID, IDGROUPE, LIBELLE) values (23,2,'Déguisements et Accessoires Halloween');
INSERT INTO PRODUIT(ID, IDGROUPE, LIBELLE) values (24,2,'Déguisements et accessoires Noël');
INSERT INTO PRODUIT(ID, IDGROUPE, LIBELLE) values (25,3,'Figurines de super héros TV');
INSERT INTO PRODUIT(ID, IDGROUPE, LIBELLE) values (26,3,'Figurines de super héros de Cinéma');
INSERT INTO PRODUIT(ID, IDGROUPE, LIBELLE) values (27,3,'Accessoires d''espionnage et armes');
INSERT INTO PRODUIT(ID, IDGROUPE, LIBELLE) values (28,3,'Châteaux, chevaliers et Pirates');
INSERT INTO PRODUIT(ID, IDGROUPE, LIBELLE) values (29,3,'Contes et légendes');
INSERT INTO PRODUIT(ID, IDGROUPE, LIBELLE) values (30,3,'Fermes et Animaux');
INSERT INTO PRODUIT(ID, IDGROUPE, LIBELLE) values (31,3,'Figurines de Catch');
INSERT INTO PRODUIT(ID, IDGROUPE, LIBELLE) values (32,3,'Figurines de Jeux Videos');
INSERT INTO PRODUIT(ID, IDGROUPE, LIBELLE) values (33,3,'Figurines de collection');
INSERT INTO PRODUIT(ID, IDGROUPE, LIBELLE) values (34,3,'Jeux de combats de figurines / cartes');
INSERT INTO PRODUIT(ID, IDGROUPE, LIBELLE) values (35,3,'Militaires');
INSERT INTO PRODUIT(ID, IDGROUPE, LIBELLE) values (36,3,'Skylanders');
INSERT INTO PRODUIT(ID, IDGROUPE, LIBELLE) values (37,3,'Archéologie, Dinosaures et Géologie');
INSERT INTO PRODUIT(ID, IDGROUPE, LIBELLE) values (38,4,'Mes premières briques - 1 à 3 ans');
INSERT INTO PRODUIT(ID, IDGROUPE, LIBELLE) values (39,4,'Micro Briques - 4 ans et plus');
INSERT INTO PRODUIT(ID, IDGROUPE, LIBELLE) values (40,4,'LEGO');
INSERT INTO PRODUIT(ID, IDGROUPE, LIBELLE) values (41,4,'Geomag : Construction magnétique');
INSERT INTO PRODUIT(ID, IDGROUPE, LIBELLE) values (42,4,'Meccano');
INSERT INTO PRODUIT(ID, IDGROUPE, LIBELLE) values (43,4,'Mega Bloks');
INSERT INTO PRODUIT(ID, IDGROUPE, LIBELLE) values (44,4,'LEGO Duplo');
INSERT INTO PRODUIT(ID, IDGROUPE, LIBELLE) values (45,4,'Construction magnetique : Magformers, Supermag');
INSERT INTO PRODUIT(ID, IDGROUPE, LIBELLE) values (46,4,'Constructions Scientifiques');
INSERT INTO PRODUIT(ID, IDGROUPE, LIBELLE) values (47,4,'Constructions en bois');
INSERT INTO PRODUIT(ID, IDGROUPE, LIBELLE) values (48,5,'Jeux électroniques éducatifs');
INSERT INTO PRODUIT(ID, IDGROUPE, LIBELLE) values (49,5,'Sciences et Découvertes');
INSERT INTO PRODUIT(ID, IDGROUPE, LIBELLE) values (50,5,'Apprendre à écrire, lire, compter, savoir l''heure');
INSERT INTO PRODUIT(ID, IDGROUPE, LIBELLE) values (51,5,'Jeux d''apprentissage');
INSERT INTO PRODUIT(ID, IDGROUPE, LIBELLE) values (52,5,'Accessoires scolaires');
INSERT INTO PRODUIT(ID, IDGROUPE, LIBELLE) values (53,5,'Livres');
INSERT INTO PRODUIT(ID, IDGROUPE, LIBELLE) values (54,5,'Puzzle');
INSERT INTO PRODUIT(ID, IDGROUPE, LIBELLE) values (55,6,'Jeux Famille');
INSERT INTO PRODUIT(ID, IDGROUPE, LIBELLE) values (56,6,'Jeux Ados - Adultes');
INSERT INTO PRODUIT(ID, IDGROUPE, LIBELLE) values (57,6,'Jeux d''ambiance');
INSERT INTO PRODUIT(ID, IDGROUPE, LIBELLE) values (58,6,'Jeux TV ou Séries / Film');
INSERT INTO PRODUIT(ID, IDGROUPE, LIBELLE) values (59,6,'Jeux Educatifs');
INSERT INTO PRODUIT(ID, IDGROUPE, LIBELLE) values (60,6,'Jeux de reflexion');
INSERT INTO PRODUIT(ID, IDGROUPE, LIBELLE) values (61,6,'Jeux Traditionnels');
INSERT INTO PRODUIT(ID, IDGROUPE, LIBELLE) values (62,6,'Jeux de magie');
INSERT INTO PRODUIT(ID, IDGROUPE, LIBELLE) values (63,6,'Jeux de cartes');
INSERT INTO PRODUIT(ID, IDGROUPE, LIBELLE) values (64,6,'Jeux de voyage');
INSERT INTO PRODUIT(ID, IDGROUPE, LIBELLE) values (65,6,'Jeux Filles');
INSERT INTO PRODUIT(ID, IDGROUPE, LIBELLE) values (66,6,'Jeux Garçons');
INSERT INTO PRODUIT(ID, IDGROUPE, LIBELLE) values (67,6,'Jeux Mixtes');
INSERT INTO PRODUIT(ID, IDGROUPE, LIBELLE) values (68,6,'Fabriqués en France');
INSERT INTO PRODUIT(ID, IDGROUPE, LIBELLE) values (69,6,'Cartes à jouer - Cartes à collectionner');
INSERT INTO PRODUIT(ID, IDGROUPE, LIBELLE) values (70,6,'Jeux à petits prix');
INSERT INTO PRODUIT(ID, IDGROUPE, LIBELLE) values (71,6,'Les Jeux dans le Noir !');
INSERT INTO PRODUIT(ID, IDGROUPE, LIBELLE) values (72,7,'Peluches traditionnelles, Ours en peluche');
INSERT INTO PRODUIT(ID, IDGROUPE, LIBELLE) values (73,7,'Peluches interactives');
INSERT INTO PRODUIT(ID, IDGROUPE, LIBELLE) values (74,7,'Peluches Héros');
INSERT INTO PRODUIT(ID, IDGROUPE, LIBELLE) values (75,7,'Doudous et Peluches pour Nourisson');
INSERT INTO PRODUIT(ID, IDGROUPE, LIBELLE) values (76,7,'Peluches traditionnelles');
INSERT INTO PRODUIT(ID, IDGROUPE, LIBELLE) values (77,7,'Hatchimals');
INSERT INTO PRODUIT(ID, IDGROUPE, LIBELLE) values (78,8,'Doudou, Poupées naissance et premiers poupons');
INSERT INTO PRODUIT(ID, IDGROUPE, LIBELLE) values (79,8,'Poupons et poupées 18 mois - 5 ans');
INSERT INTO PRODUIT(ID, IDGROUPE, LIBELLE) values (80,8,'Poupées intéractives');
INSERT INTO PRODUIT(ID, IDGROUPE, LIBELLE) values (81,8,'Vêtements de poupées');
INSERT INTO PRODUIT(ID, IDGROUPE, LIBELLE) values (82,8,'Poussettes et landaus pour Poupées');
INSERT INTO PRODUIT(ID, IDGROUPE, LIBELLE) values (83,8,'Mobilier de poupées');
INSERT INTO PRODUIT(ID, IDGROUPE, LIBELLE) values (84,8,'Accessoires');
INSERT INTO PRODUIT(ID, IDGROUPE, LIBELLE) values (85,8,'Corolle');
INSERT INTO PRODUIT(ID, IDGROUPE, LIBELLE) values (86,9,'Robots');
INSERT INTO PRODUIT(ID, IDGROUPE, LIBELLE) values (87,9,'Autres compagnons');
INSERT INTO PRODUIT(ID, IDGROUPE, LIBELLE) values (88,9,'Zoomer');
INSERT INTO PRODUIT(ID, IDGROUPE, LIBELLE) values (89,9,'Teksta');
INSERT INTO PRODUIT(ID, IDGROUPE, LIBELLE) values (90,9,'HexBug');
INSERT INTO PRODUIT(ID, IDGROUPE, LIBELLE) values (91,9,'Little Live Pets');
INSERT INTO PRODUIT(ID, IDGROUPE, LIBELLE) values (92,9,'RoboFish, Sirènes et Tortues');
INSERT INTO PRODUIT(ID, IDGROUPE, LIBELLE) values (93,9,'Digifriends');
INSERT INTO PRODUIT(ID, IDGROUPE, LIBELLE) values (94,10,'Véhicules miniatures');
INSERT INTO PRODUIT(ID, IDGROUPE, LIBELLE) values (95,10,'Véhicules radiocommandés');
INSERT INTO PRODUIT(ID, IDGROUPE, LIBELLE) values (96,10,'Circuits électriques');
INSERT INTO PRODUIT(ID, IDGROUPE, LIBELLE) values (97,10,'Garages, pistes et tapis');
INSERT INTO PRODUIT(ID, IDGROUPE, LIBELLE) values (98,10,'Hélicoptères et avions');
INSERT INTO PRODUIT(ID, IDGROUPE, LIBELLE) values (99,10,'Maquettes');
INSERT INTO PRODUIT(ID, IDGROUPE, LIBELLE) values (100,10,'Robotic animals : robots, compagnons interactifs');
INSERT INTO PRODUIT(ID, IDGROUPE, LIBELLE) values (101,10,'Trains');
INSERT INTO PRODUIT(ID, IDGROUPE, LIBELLE) values (102,10,'Véhicules d''urgence / pompiers');
INSERT INTO PRODUIT(ID, IDGROUPE, LIBELLE) values (103,10,'Véhicules de Ville');
INSERT INTO PRODUIT(ID, IDGROUPE, LIBELLE) values (104,10,'Véhicules de collection');
INSERT INTO PRODUIT(ID, IDGROUPE, LIBELLE) values (105,10,'Véhicules de ferme');
INSERT INTO PRODUIT(ID, IDGROUPE, LIBELLE) values (106,10,'Véhicules de travaux publics');
INSERT INTO PRODUIT(ID, IDGROUPE, LIBELLE) values (107,10,'Véhicules filoguidés');
INSERT INTO PRODUIT(ID, IDGROUPE, LIBELLE) values (108,11,'Nourrisson : 0 - 9 mois');
INSERT INTO PRODUIT(ID, IDGROUPE, LIBELLE) values (109,11,'Eveil : 9 - 24 mois');
INSERT INTO PRODUIT(ID, IDGROUPE, LIBELLE) values (110,11,'Jouets Pré-scolaire : 24 mois et +');
INSERT INTO PRODUIT(ID, IDGROUPE, LIBELLE) values (111,11,'Jouets de bain');
INSERT INTO PRODUIT(ID, IDGROUPE, LIBELLE) values (112,11,'Mon Premier Corolle');
INSERT INTO PRODUIT(ID, IDGROUPE, LIBELLE) values (113,11,'LEGO Duplo');
INSERT INTO PRODUIT(ID, IDGROUPE, LIBELLE) values (114,11,'PLAYMOBIL 1.2.3');
INSERT INTO PRODUIT(ID, IDGROUPE, LIBELLE) values (115,12,'Pokémon');
INSERT INTO PRODUIT(ID, IDGROUPE, LIBELLE) values (116,12,'Yu Gi Oh');
INSERT INTO PRODUIT(ID, IDGROUPE, LIBELLE) values (117,12,'Panini : pochettes et albums');
INSERT INTO PRODUIT(ID, IDGROUPE, LIBELLE) values (118,13,'Ordinateurs Portables');
INSERT INTO PRODUIT(ID, IDGROUPE, LIBELLE) values (119,13,'Tablette ');
INSERT INTO PRODUIT(ID, IDGROUPE, LIBELLE) values (120,13,'Ordinateurs De Bureau ');
INSERT INTO PRODUIT(ID, IDGROUPE, LIBELLE) values (121,13,'Ecrans');
INSERT INTO PRODUIT(ID, IDGROUPE, LIBELLE) values (122,13,'Logiciels');
INSERT INTO PRODUIT(ID, IDGROUPE, LIBELLE) values (123,13,'Disques durs externe');
INSERT INTO PRODUIT(ID, IDGROUPE, LIBELLE) values (124,13,'Clés USB');
INSERT INTO PRODUIT(ID, IDGROUPE, LIBELLE) values (125,13,'Cartes Mémoire');
INSERT INTO PRODUIT(ID, IDGROUPE, LIBELLE) values (126,13,'Imprimantes ');
INSERT INTO PRODUIT(ID, IDGROUPE, LIBELLE) values (127,13,'Autres périphériques');
INSERT INTO PRODUIT(ID, IDGROUPE, LIBELLE) values (128,14,'Consoles de salon');
INSERT INTO PRODUIT(ID, IDGROUPE, LIBELLE) values (129,14,'Consoles portables');
INSERT INTO PRODUIT(ID, IDGROUPE, LIBELLE) values (130,14,'Accessoires Jeux vidéo');
INSERT INTO PRODUIT(ID, IDGROUPE, LIBELLE) values (131,15,'Hifi-Son');
INSERT INTO PRODUIT(ID, IDGROUPE, LIBELLE) values (132,15,'Tv, Home Cinéma');
INSERT INTO PRODUIT(ID, IDGROUPE, LIBELLE) values (133,15,'Mp3, Casques');
INSERT INTO PRODUIT(ID, IDGROUPE, LIBELLE) values (134,17,'Mobiles et Accessoires ');
INSERT INTO PRODUIT(ID, IDGROUPE, LIBELLE) values (135,17,'Reflex');
INSERT INTO PRODUIT(ID, IDGROUPE, LIBELLE) values (136,17,'Hybrides');
INSERT INTO PRODUIT(ID, IDGROUPE, LIBELLE) values (137,17,'Compact Et Bridge');
INSERT INTO PRODUIT(ID, IDGROUPE, LIBELLE) values (138,17,'Camescopes');
INSERT INTO PRODUIT(ID, IDGROUPE, LIBELLE) values (139,17,'Objectifs Photo');
INSERT INTO PRODUIT(ID, IDGROUPE, LIBELLE) values (140,17,'Accessoires Photo');
INSERT INTO PRODUIT(ID, IDGROUPE, LIBELLE) values (141,18,'Canapés');
INSERT INTO PRODUIT(ID, IDGROUPE, LIBELLE) values (142,18,'Lits');
INSERT INTO PRODUIT(ID, IDGROUPE, LIBELLE) values (143,18,'Matelas');
INSERT INTO PRODUIT(ID, IDGROUPE, LIBELLE) values (144,18,'Linge de maison');
INSERT INTO PRODUIT(ID, IDGROUPE, LIBELLE) values (145,18,'Déco');
INSERT INTO PRODUIT(ID, IDGROUPE, LIBELLE) values (146,18,'Luminaires');
INSERT INTO PRODUIT(ID, IDGROUPE, LIBELLE) values (147,19,'Réfrigérateurs ');
INSERT INTO PRODUIT(ID, IDGROUPE, LIBELLE) values (148,19,'Four');
INSERT INTO PRODUIT(ID, IDGROUPE, LIBELLE) values (149,19,'Plaque de cuisson');
INSERT INTO PRODUIT(ID, IDGROUPE, LIBELLE) values (150,19,'Lave-vaisselle');
INSERT INTO PRODUIT(ID, IDGROUPE, LIBELLE) values (151,19,'Aspirateur');
INSERT INTO PRODUIT(ID, IDGROUPE, LIBELLE) values (152,19,'Centrale vapeur');
INSERT INTO PRODUIT(ID, IDGROUPE, LIBELLE) values (153,19,'Lavage et Séchage ');
INSERT INTO PRODUIT(ID, IDGROUPE, LIBELLE) values (154,19,'Petit-électroménager');
INSERT INTO PRODUIT(ID, IDGROUPE, LIBELLE) values (155,19,'Pièces détachées');
INSERT INTO PRODUIT(ID, IDGROUPE, LIBELLE) values (156,20,'Robot');
INSERT INTO PRODUIT(ID, IDGROUPE, LIBELLE) values (157,20,'Mixeur');
INSERT INTO PRODUIT(ID, IDGROUPE, LIBELLE) values (158,20,'Cafetière');
INSERT INTO PRODUIT(ID, IDGROUPE, LIBELLE) values (159,20,'Friteuse');
INSERT INTO PRODUIT(ID, IDGROUPE, LIBELLE) values (160,20,'Gaufrier');
INSERT INTO PRODUIT(ID, IDGROUPE, LIBELLE) values (161,20,'Appareil à raclette');
INSERT INTO PRODUIT(ID, IDGROUPE, LIBELLE) values (162,20,'Grill');
INSERT INTO PRODUIT(ID, IDGROUPE, LIBELLE) values (163,20,'Plancha');
INSERT INTO PRODUIT(ID, IDGROUPE, LIBELLE) values (164,20,'Grille-pain');
INSERT INTO PRODUIT(ID, IDGROUPE, LIBELLE) values (165,20,'Crêpière');
INSERT INTO PRODUIT(ID, IDGROUPE, LIBELLE) values (166,20,'Sorbetière');
INSERT INTO PRODUIT(ID, IDGROUPE, LIBELLE) values (167,20,'Machine à pain');
INSERT INTO PRODUIT(ID, IDGROUPE, LIBELLE) values (168,20,'Balance de cuisine');
INSERT INTO PRODUIT(ID, IDGROUPE, LIBELLE) values (169,20,'Machine à soda');
INSERT INTO PRODUIT(ID, IDGROUPE, LIBELLE) values (170,20,'Micro-ondes');
INSERT INTO PRODUIT(ID, IDGROUPE, LIBELLE) values (171,21,'Lecteur DVD');
INSERT INTO PRODUIT(ID, IDGROUPE, LIBELLE) values (172,21,'DVD');
INSERT INTO PRODUIT(ID, IDGROUPE, LIBELLE) values (173,22,'CD');
INSERT INTO PRODUIT(ID, IDGROUPE, LIBELLE) values (174,22,'Lecteur CD / MP3');
INSERT INTO PRODUIT(ID, IDGROUPE, LIBELLE) values (175,22,'Radio -réveil');
INSERT INTO PRODUIT(ID, IDGROUPE, LIBELLE) values (176,22,'Lecteurs portables');
INSERT INTO PRODUIT(ID, IDGROUPE, LIBELLE) values (177,22,'Enceintes / Amplificateurs');
INSERT INTO PRODUIT(ID, IDGROUPE, LIBELLE) values (178,23,'Livres ');
INSERT INTO PRODUIT(ID, IDGROUPE, LIBELLE) values (179,23,'Accessoires');
INSERT INTO PRODUIT(ID, IDGROUPE, LIBELLE) values (180,24,'Alimentation');
INSERT INTO PRODUIT(ID, IDGROUPE, LIBELLE) values (181,24,'Accessoires');
INSERT INTO PRODUIT(ID, IDGROUPE, LIBELLE) values (182,25,'Instrument');
INSERT INTO PRODUIT(ID, IDGROUPE, LIBELLE) values (183,25,'Accessoires');
INSERT INTO PRODUIT(ID, IDGROUPE, LIBELLE) values (184,26,'ArtsMartiaux');
INSERT INTO PRODUIT(ID, IDGROUPE, LIBELLE) values (185,26,'Athlétisme');
INSERT INTO PRODUIT(ID, IDGROUPE, LIBELLE) values (186,26,'Badminton');
INSERT INTO PRODUIT(ID, IDGROUPE, LIBELLE) values (187,26,'Base-Ball');
INSERT INTO PRODUIT(ID, IDGROUPE, LIBELLE) values (188,26,'Basketball');
INSERT INTO PRODUIT(ID, IDGROUPE, LIBELLE) values (189,26,'Boxe');
INSERT INTO PRODUIT(ID, IDGROUPE, LIBELLE) values (190,26,'Cyclisme');
INSERT INTO PRODUIT(ID, IDGROUPE, LIBELLE) values (191,26,'Canyoning');
INSERT INTO PRODUIT(ID, IDGROUPE, LIBELLE) values (192,26,'Danse');
INSERT INTO PRODUIT(ID, IDGROUPE, LIBELLE) values (193,26,'Equitation');
INSERT INTO PRODUIT(ID, IDGROUPE, LIBELLE) values (194,26,'Escalade');
INSERT INTO PRODUIT(ID, IDGROUPE, LIBELLE) values (195,26,'Fitness');
INSERT INTO PRODUIT(ID, IDGROUPE, LIBELLE) values (196,26,'Football');
INSERT INTO PRODUIT(ID, IDGROUPE, LIBELLE) values (197,26,'Golf');
INSERT INTO PRODUIT(ID, IDGROUPE, LIBELLE) values (198,26,'Handball');
INSERT INTO PRODUIT(ID, IDGROUPE, LIBELLE) values (199,26,'Hockey');
INSERT INTO PRODUIT(ID, IDGROUPE, LIBELLE) values (200,26,'Musculation');
INSERT INTO PRODUIT(ID, IDGROUPE, LIBELLE) values (201,26,'Natation');
INSERT INTO PRODUIT(ID, IDGROUPE, LIBELLE) values (202,26,'Plongée');
INSERT INTO PRODUIT(ID, IDGROUPE, LIBELLE) values (203,26,'Randonnée');
INSERT INTO PRODUIT(ID, IDGROUPE, LIBELLE) values (204,26,'Roller');
INSERT INTO PRODUIT(ID, IDGROUPE, LIBELLE) values (205,26,'Rugby');
INSERT INTO PRODUIT(ID, IDGROUPE, LIBELLE) values (206,26,'Running');
INSERT INTO PRODUIT(ID, IDGROUPE, LIBELLE) values (207,26,'Skateboard');
INSERT INTO PRODUIT(ID, IDGROUPE, LIBELLE) values (208,26,'Ski');
INSERT INTO PRODUIT(ID, IDGROUPE, LIBELLE) values (209,26,'Squash');
INSERT INTO PRODUIT(ID, IDGROUPE, LIBELLE) values (210,26,'Surf');
INSERT INTO PRODUIT(ID, IDGROUPE, LIBELLE) values (211,26,'Tennis');
INSERT INTO PRODUIT(ID, IDGROUPE, LIBELLE) values (212,26,'Tennis de Table');
INSERT INTO PRODUIT(ID, IDGROUPE, LIBELLE) values (213,26,'Tir à l''arc');
INSERT INTO PRODUIT(ID, IDGROUPE, LIBELLE) values (214,26,'Volley-Ball');
INSERT INTO PRODUIT(ID, IDGROUPE, LIBELLE) values (215,26,'Yoga');
INSERT INTO PRODUIT(ID, IDGROUPE, LIBELLE) values (216,27,'Manteaux et Vestes');
INSERT INTO PRODUIT(ID, IDGROUPE, LIBELLE) values (217,27,'Costumes et Chemises');
INSERT INTO PRODUIT(ID, IDGROUPE, LIBELLE) values (218,27,'Pantalons et Bermudas');
INSERT INTO PRODUIT(ID, IDGROUPE, LIBELLE) values (219,27,'Jeans');
INSERT INTO PRODUIT(ID, IDGROUPE, LIBELLE) values (220,27,'Polos et T-shirts');
INSERT INTO PRODUIT(ID, IDGROUPE, LIBELLE) values (221,27,'Pulls et Sweat-shirts');
INSERT INTO PRODUIT(ID, IDGROUPE, LIBELLE) values (222,27,'Maillots de bain');
INSERT INTO PRODUIT(ID, IDGROUPE, LIBELLE) values (223,27,'Sous-vêtements');
INSERT INTO PRODUIT(ID, IDGROUPE, LIBELLE) values (224,27,'Chaussures');
INSERT INTO PRODUIT(ID, IDGROUPE, LIBELLE) values (225,28,'Manteaux et Vestes');
INSERT INTO PRODUIT(ID, IDGROUPE, LIBELLE) values (226,28,'Robes et Jupes');
INSERT INTO PRODUIT(ID, IDGROUPE, LIBELLE) values (227,28,'Combinaisons');
INSERT INTO PRODUIT(ID, IDGROUPE, LIBELLE) values (228,28,'Pantalons et Short');
INSERT INTO PRODUIT(ID, IDGROUPE, LIBELLE) values (229,28,'Jeans');
INSERT INTO PRODUIT(ID, IDGROUPE, LIBELLE) values (230,28,'Pulls et Sweat-shirts');
INSERT INTO PRODUIT(ID, IDGROUPE, LIBELLE) values (231,28,'Tops');
INSERT INTO PRODUIT(ID, IDGROUPE, LIBELLE) values (232,28,'Maillots de bain');
INSERT INTO PRODUIT(ID, IDGROUPE, LIBELLE) values (233,28,'Sous-vêtements');
INSERT INTO PRODUIT(ID, IDGROUPE, LIBELLE) values (234,28,'Chaussures');
INSERT INTO PRODUIT(ID, IDGROUPE, LIBELLE) values (235,29,'Blousons');
INSERT INTO PRODUIT(ID, IDGROUPE, LIBELLE) values (236,29,'Vestes et Pulls');
INSERT INTO PRODUIT(ID, IDGROUPE, LIBELLE) values (237,29,'Sweat-shirts');
INSERT INTO PRODUIT(ID, IDGROUPE, LIBELLE) values (238,29,'Chemises');
INSERT INTO PRODUIT(ID, IDGROUPE, LIBELLE) values (239,29,'T-shirts');
INSERT INTO PRODUIT(ID, IDGROUPE, LIBELLE) values (240,29,'Jeans');
INSERT INTO PRODUIT(ID, IDGROUPE, LIBELLE) values (241,29,'Pantalons');
INSERT INTO PRODUIT(ID, IDGROUPE, LIBELLE) values (242,29,'Bermudas');
INSERT INTO PRODUIT(ID, IDGROUPE, LIBELLE) values (243,29,'Chaussures');
INSERT INTO PRODUIT(ID, IDGROUPE, LIBELLE) values (244,29,'Accessoires');
INSERT INTO PRODUIT(ID, IDGROUPE, LIBELLE) values (245,29,'Maillots de bain');
INSERT INTO PRODUIT(ID, IDGROUPE, LIBELLE) values (246,29,'Sous-vêtements et Pyjamas');
INSERT INTO PRODUIT(ID, IDGROUPE, LIBELLE) values (247,30,'Bagues');
INSERT INTO PRODUIT(ID, IDGROUPE, LIBELLE) values (248,30,'Colliers');
INSERT INTO PRODUIT(ID, IDGROUPE, LIBELLE) values (249,30,'Bracelets');
INSERT INTO PRODUIT(ID, IDGROUPE, LIBELLE) values (250,30,'Montre');
INSERT INTO PRODUIT(ID, IDGROUPE, LIBELLE) values (251,30,'Boucles d''oreilles');
INSERT INTO PRODUIT(ID, IDGROUPE, LIBELLE) values (252,30,'Sacs, sacs à dos');
INSERT INTO PRODUIT(ID, IDGROUPE, LIBELLE) values (253,30,'Ceintures');
INSERT INTO PRODUIT(ID, IDGROUPE, LIBELLE) values (254,30,'Chapeaux et Casquettes');

INSERT INTO TRANCHE_AGE(ID, LIBELLE) values (1,'Bébé');
INSERT INTO TRANCHE_AGE(ID, LIBELLE) values (2,'Enfant');
INSERT INTO TRANCHE_AGE(ID, LIBELLE) values (3,'Ado');
INSERT INTO TRANCHE_AGE(ID, LIBELLE) values (4,'Adulte');


INSERT INTO OBJET(ID, IDPRODUIT, IDTRANCHEAGE, IDUTILISATEUR, LIBELLE, DESCRIPTION, VALEUR, DATE_DEPOT) values (1,1,2,1,'LEGO_16','Blablabla',3,'2017-05-12');
INSERT INTO OBJET(ID, IDPRODUIT, IDTRANCHEAGE, IDUTILISATEUR, LIBELLE, DESCRIPTION, VALEUR, DATE_DEPOT) values (2,1,2,1,'LEGO_17','Blablabla',6,'2017-05-13');
INSERT INTO OBJET(ID, IDPRODUIT, IDTRANCHEAGE, IDUTILISATEUR, LIBELLE, DESCRIPTION, VALEUR, DATE_DEPOT) values (3,1,2,2,'LEGO_18','Blablabla',9,'2017-05-14');
INSERT INTO OBJET(ID, IDPRODUIT, IDTRANCHEAGE, IDUTILISATEUR, LIBELLE, DESCRIPTION, VALEUR, DATE_DEPOT) values (4,1,2,1,'LEGO_19','Blablabla',12,'2017-05-15');
INSERT INTO OBJET(ID, IDPRODUIT, IDTRANCHEAGE, IDUTILISATEUR, LIBELLE, DESCRIPTION, VALEUR, DATE_DEPOT) values (5,1,2,1,'LEGO_20','Blablabla',15,'2017-05-16');
INSERT INTO OBJET(ID, IDPRODUIT, IDTRANCHEAGE, IDUTILISATEUR, LIBELLE, DESCRIPTION, VALEUR, DATE_DEPOT) values (6,1,2,2,'LEGO_21','Blablabla',18,'2017-05-17');
INSERT INTO OBJET(ID, IDPRODUIT, IDTRANCHEAGE, IDUTILISATEUR, LIBELLE, DESCRIPTION, VALEUR, DATE_DEPOT) values (7,1,2,2,'LEGO_22','Blablabla',21,'2017-05-18');
INSERT INTO OBJET(ID, IDPRODUIT, IDTRANCHEAGE, IDUTILISATEUR, LIBELLE, DESCRIPTION, VALEUR, DATE_DEPOT) values (8,1,2,2,'LEGO_23','Blablabla',24,'2017-05-19');
INSERT INTO OBJET(ID, IDPRODUIT, IDTRANCHEAGE, IDUTILISATEUR, LIBELLE, DESCRIPTION, VALEUR, DATE_DEPOT) values (9,1,2,1,'LEGO_24','Blablabla',27,'2017-05-20');
INSERT INTO OBJET(ID, IDPRODUIT, IDTRANCHEAGE, IDUTILISATEUR, LIBELLE, DESCRIPTION, VALEUR, DATE_DEPOT) values (10,1,2,2,'LEGO_25','Blablabla',30,'2017-05-21');
INSERT INTO OBJET(ID, IDPRODUIT, IDTRANCHEAGE, IDUTILISATEUR, LIBELLE, DESCRIPTION, VALEUR, DATE_DEPOT) values (11,1,2,1,'LEGO_26','Blablabla',33,'2017-05-22');
INSERT INTO OBJET(ID, IDPRODUIT, IDTRANCHEAGE, IDUTILISATEUR, LIBELLE, DESCRIPTION, VALEUR, DATE_DEPOT) values (12,1,2,2,'LEGO_27','Blablabla',36,'2017-05-23');
INSERT INTO OBJET(ID, IDPRODUIT, IDTRANCHEAGE, IDUTILISATEUR, LIBELLE, DESCRIPTION, VALEUR, DATE_DEPOT) values (13,1,2,2,'LEGO_28','Blablabla',39,'2017-05-24');
INSERT INTO OBJET(ID, IDPRODUIT, IDTRANCHEAGE, IDUTILISATEUR, LIBELLE, DESCRIPTION, VALEUR, DATE_DEPOT) values (14,1,2,1,'LEGO_29','Blablabla',42,'2017-05-25');
INSERT INTO OBJET(ID, IDPRODUIT, IDTRANCHEAGE, IDUTILISATEUR, LIBELLE, DESCRIPTION, VALEUR, DATE_DEPOT) values (15,1,2,2,'LEGO_30','Blablabla',45,'2017-05-26');
INSERT INTO OBJET(ID, IDPRODUIT, IDTRANCHEAGE, IDUTILISATEUR, LIBELLE, DESCRIPTION, VALEUR, DATE_DEPOT) values (16,1,2,1,'Playmobil avion','Blablabla',5,'2017-05-27');
INSERT INTO OBJET(ID, IDPRODUIT, IDTRANCHEAGE, IDUTILISATEUR, LIBELLE, DESCRIPTION, VALEUR, DATE_DEPOT) values (17,1,2,2,'Chariot en bois','Blablabla',35,'2017-05-28');
INSERT INTO OBJET(ID, IDPRODUIT, IDTRANCHEAGE, IDUTILISATEUR, LIBELLE, DESCRIPTION, VALEUR, DATE_DEPOT) values (18,1,2,1,'Hippopotame Playmobil','Blablabla',9,'2017-05-29');
INSERT INTO OBJET(ID, IDPRODUIT, IDTRANCHEAGE, IDUTILISATEUR, LIBELLE, DESCRIPTION, VALEUR, DATE_DEPOT) values (19,1,2,1,'Lego minecraft','Blablabla',25,'2017-05-30');
INSERT INTO OBJET(ID, IDPRODUIT, IDTRANCHEAGE, IDUTILISATEUR, LIBELLE, DESCRIPTION, VALEUR, DATE_DEPOT) values (20,1,2,1,'Lego fille hello Kitty','Blablabla',10,'2017-05-31');
INSERT INTO OBJET(ID, IDPRODUIT, IDTRANCHEAGE, IDUTILISATEUR, LIBELLE, DESCRIPTION, VALEUR, DATE_DEPOT) values (21,1,2,1,'voiture cars','Blablabla',2,'2017-05-05');
INSERT INTO OBJET(ID, IDPRODUIT, IDTRANCHEAGE, IDUTILISATEUR, LIBELLE, DESCRIPTION, VALEUR, DATE_DEPOT) values (22,1,2,2,'Tracteur joal','Blablabla',24,'2017-05-06');
INSERT INTO OBJET(ID, IDPRODUIT, IDTRANCHEAGE, IDUTILISATEUR, LIBELLE, DESCRIPTION, VALEUR, DATE_DEPOT) values (23,1,2,2,'Leggo en vrac','Blablabla',25,'2017-05-07');
INSERT INTO OBJET(ID, IDPRODUIT, IDTRANCHEAGE, IDUTILISATEUR, LIBELLE, DESCRIPTION, VALEUR, DATE_DEPOT) values (24,1,2,1,'Hélicoptère de secours Playmobil','Blablabla',30,'2017-05-08');
INSERT INTO OBJET(ID, IDPRODUIT, IDTRANCHEAGE, IDUTILISATEUR, LIBELLE, DESCRIPTION, VALEUR, DATE_DEPOT) values (25,1,2,1,'Tente indien','Blablabla',20,'2017-05-09');
INSERT INTO OBJET(ID, IDPRODUIT, IDTRANCHEAGE, IDUTILISATEUR, LIBELLE, DESCRIPTION, VALEUR, DATE_DEPOT) values (26,1,2,2,'Leggo Star Wars ','Blablabla',15,'2017-05-10');
INSERT INTO OBJET(ID, IDPRODUIT, IDTRANCHEAGE, IDUTILISATEUR, LIBELLE, DESCRIPTION, VALEUR, DATE_DEPOT) values (27,1,2,1,'Mini cicciobello "luti" ','Blablabla',12,'2017-05-11');
INSERT INTO OBJET(ID, IDPRODUIT, IDTRANCHEAGE, IDUTILISATEUR, LIBELLE, DESCRIPTION, VALEUR, DATE_DEPOT) values (28,76,1,3,'Peluche Stitch','Bla',12,'2017-05-12');
INSERT INTO OBJET(ID, IDPRODUIT, IDTRANCHEAGE, IDUTILISATEUR, LIBELLE, DESCRIPTION, VALEUR, DATE_DEPOT) values (29,76,1,4,'Peluge Petit Ours Brun','Bla',19,'2017-05-13');
INSERT INTO OBJET(ID, IDPRODUIT, IDTRANCHEAGE, IDUTILISATEUR, LIBELLE, DESCRIPTION, VALEUR, DATE_DEPOT) values (30,55,2,5,'Monopoly Edition de Lyon','Bla',19,'2017-05-14');
INSERT INTO OBJET(ID, IDPRODUIT, IDTRANCHEAGE, IDUTILISATEUR, LIBELLE, DESCRIPTION, VALEUR, DATE_DEPOT) values (31,45,3,6,'Lego R2D2','Bla',1,'2017-05-15');
INSERT INTO OBJET(ID, IDPRODUIT, IDTRANCHEAGE, IDUTILISATEUR, LIBELLE, DESCRIPTION, VALEUR, DATE_DEPOT) values (32,46,3,7,'Rubik''s Cube','Bla',3,'2017-05-16');
INSERT INTO OBJET(ID, IDPRODUIT, IDTRANCHEAGE, IDUTILISATEUR, LIBELLE, DESCRIPTION, VALEUR, DATE_DEPOT) values (33,54,2,8,'Puzzle Les 101 Dalmatiens','Bla',5,'2017-05-17');
INSERT INTO OBJET(ID, IDPRODUIT, IDTRANCHEAGE, IDUTILISATEUR, LIBELLE, DESCRIPTION, VALEUR, DATE_DEPOT) values (34,172,2,9,'Frozen','Bla',8,'2017-05-18');
INSERT INTO OBJET(ID, IDPRODUIT, IDTRANCHEAGE, IDUTILISATEUR, LIBELLE, DESCRIPTION, VALEUR, DATE_DEPOT) values (35,172,2,10,'Les Aristochats','Bla',16,'2017-05-19');
INSERT INTO OBJET(ID, IDPRODUIT, IDTRANCHEAGE, IDUTILISATEUR, LIBELLE, DESCRIPTION, VALEUR, DATE_DEPOT) values (36,178,2,11,'Harry Potter collection complète','Bla',14,'2017-05-20');
INSERT INTO OBJET(ID, IDPRODUIT, IDTRANCHEAGE, IDUTILISATEUR, LIBELLE, DESCRIPTION, VALEUR, DATE_DEPOT) values (37,130,3,12,'Mario Kart Double Dash','Bla',12,'2017-05-21');
INSERT INTO OBJET(ID, IDPRODUIT, IDTRANCHEAGE, IDUTILISATEUR, LIBELLE, DESCRIPTION, VALEUR, DATE_DEPOT) values (38,94,2,13,'Camion de pompier','Bla',9,'2017-05-22');
INSERT INTO OBJET(ID, IDPRODUIT, IDTRANCHEAGE, IDUTILISATEUR, LIBELLE, DESCRIPTION, VALEUR, DATE_DEPOT) values (39,114,2,14,'Playmobil far west','Bla',9,'2017-05-23');
INSERT INTO OBJET(ID, IDPRODUIT, IDTRANCHEAGE, IDUTILISATEUR, LIBELLE, DESCRIPTION, VALEUR, DATE_DEPOT) values (40,45,2,15,'Lego Faucon Millenium','Bla',6,'2017-05-05');
INSERT INTO OBJET(ID, IDPRODUIT, IDTRANCHEAGE, IDUTILISATEUR, LIBELLE, DESCRIPTION, VALEUR, DATE_DEPOT) values (41,55,2,3,'La Bonne Paye','Bla',7,'2017-05-06');
INSERT INTO OBJET(ID, IDPRODUIT, IDTRANCHEAGE, IDUTILISATEUR, LIBELLE, DESCRIPTION, VALEUR, DATE_DEPOT) values (42,55,2,4,'Tintin et l''oreille cassée','Bla',1,'2017-05-07');
INSERT INTO OBJET(ID, IDPRODUIT, IDTRANCHEAGE, IDUTILISATEUR, LIBELLE, DESCRIPTION, VALEUR, DATE_DEPOT) values (43,55,2,5,'Labyrinthe','Bla',10,'2017-05-08');
INSERT INTO OBJET(ID, IDPRODUIT, IDTRANCHEAGE, IDUTILISATEUR, LIBELLE, DESCRIPTION, VALEUR, DATE_DEPOT) values (44,47,2,6,'Kapla','Bla',3,'2017-05-09');
INSERT INTO OBJET(ID, IDPRODUIT, IDTRANCHEAGE, IDUTILISATEUR, LIBELLE, DESCRIPTION, VALEUR, DATE_DEPOT) values (45,69,3,7,'Lot de cartes Magic','Bla',6,'2017-05-10');
INSERT INTO OBJET(ID, IDPRODUIT, IDTRANCHEAGE, IDUTILISATEUR, LIBELLE, DESCRIPTION, VALEUR, DATE_DEPOT) values (46,79,2,8,'Barbie et Ken à la plage','Bla',1,'2017-05-11');
INSERT INTO OBJET(ID, IDPRODUIT, IDTRANCHEAGE, IDUTILISATEUR, LIBELLE, DESCRIPTION, VALEUR, DATE_DEPOT) values (47,172,2,9,'Dora l''exploratrice','Bla',8,'2017-05-12');
INSERT INTO OBJET(ID, IDPRODUIT, IDTRANCHEAGE, IDUTILISATEUR, LIBELLE, DESCRIPTION, VALEUR, DATE_DEPOT) values (48,252,2,10,'Sac à dos Dora l''exploratrice','Bla',4,'2017-05-13');
INSERT INTO OBJET(ID, IDPRODUIT, IDTRANCHEAGE, IDUTILISATEUR, LIBELLE, DESCRIPTION, VALEUR, DATE_DEPOT) values (49,76,1,11,'Peluche Chipeur (Dora l''exploratrice)','Bla',10,'2017-05-14');
INSERT INTO OBJET(ID, IDPRODUIT, IDTRANCHEAGE, IDUTILISATEUR, LIBELLE, DESCRIPTION, VALEUR, DATE_DEPOT) values (50,178,2,12,'BDs les Schtroumpfs','Bla',16,'2017-05-15');


INSERT INTO SOUHAIT(ID, IDPRODUIT, IDGROUPE, IDDOMAINE, IDLISTE, IDTRANCHEAGE, LIBELLE, DATE_DEPOT) values (1,94,10,1,1,2,'Une petite voiture rouge','2017-05-12');
INSERT INTO SOUHAIT(ID, IDPRODUIT, IDGROUPE, IDDOMAINE, IDLISTE, IDTRANCHEAGE, LIBELLE, DATE_DEPOT) values (2,NULL,4,1,1,2,'Un jeu de construction','2017-05-12');
INSERT INTO SOUHAIT(ID, IDPRODUIT, IDGROUPE, IDDOMAINE, IDLISTE, IDTRANCHEAGE, LIBELLE, DATE_DEPOT) values (3,54,5,1,2,2,'Un puzzle pas trop compliqué','2017-05-12');
INSERT INTO SOUHAIT(ID, IDPRODUIT, IDGROUPE, IDDOMAINE, IDLISTE, IDTRANCHEAGE, LIBELLE, DATE_DEPOT) values (4,NULL,23,4,2,2,'Un livre "Où est Charlie?"','2017-05-12');

INSERT into messagepublic (ID, message, idparent, idobjet, idutilisateur) values (1,'De quel voiture de cars s''agit-il ?',NULL,21,2);
INSERT into messagepublic (ID, message, idparent, idobjet, idutilisateur) values (2,'C''est Lightning McQueen',1,21,1);
INSERT into messagepublic (ID, message, idparent, idobjet, idutilisateur) values (3,'Avez-vous d''autres personnages disponibles ?',NULL,21,3);
INSERT into messagepublic (ID, message, idparent, idobjet, idutilisateur) values (4,'Non, je n''ai que celui là',3,21,1);

INSERT INTO ADRESSE (ID, IDUTILISATEUR, NUMERO_VOIE, RUE, CODE_POSTAL, VILLE, LONGITUDE, LATITUDE) VALUES (1,1,38,'Rue d''Alesia','75014','Paris',2.329492,48.827840);
INSERT INTO ADRESSE (ID, IDUTILISATEUR, NUMERO_VOIE, RUE, CODE_POSTAL, VILLE, LONGITUDE, LATITUDE) VALUES (2,2,68,'Avenue du Général Leclerc','75014','Paris',2.328194,48.829408);
INSERT INTO ADRESSE (ID, IDUTILISATEUR, NUMERO_VOIE, RUE, CODE_POSTAL, VILLE, LONGITUDE, LATITUDE) VALUES (3,3,6,'Rue Boulard','75014','Paris',2.329524,48.834648);
INSERT INTO ADRESSE (ID, IDUTILISATEUR, NUMERO_VOIE, RUE, CODE_POSTAL, VILLE, LONGITUDE, LATITUDE) VALUES (4,4,33,'Rue de Vaugirard','75006','Paris',2.330461,48.848056);
INSERT INTO ADRESSE (ID, IDUTILISATEUR, NUMERO_VOIE, RUE, CODE_POSTAL, VILLE, LONGITUDE, LATITUDE) VALUES (5,5,61,'Rue Saint-Dominique','75007','Paris',2.315011,48.859973);
INSERT INTO ADRESSE (ID, IDUTILISATEUR, NUMERO_VOIE, RUE, CODE_POSTAL, VILLE, LONGITUDE, LATITUDE) VALUES (6,6,408,'Rue Saint Honoré','75008','Paris',2.324442,48.868005);
INSERT INTO ADRESSE (ID, IDUTILISATEUR, NUMERO_VOIE, RUE, CODE_POSTAL, VILLE, LONGITUDE, LATITUDE) VALUES (7,7,9,'Rue Rossini','75009','Paris',2.339697,48.872986);
INSERT INTO ADRESSE (ID, IDUTILISATEUR, NUMERO_VOIE, RUE, CODE_POSTAL, VILLE, LONGITUDE, LATITUDE) VALUES (8,8,74,'Rue du Château d''Eau','75010','Paris',2.355043,48.872624);
INSERT INTO ADRESSE (ID, IDUTILISATEUR, NUMERO_VOIE, RUE, CODE_POSTAL, VILLE, LONGITUDE, LATITUDE) VALUES (9,9,11,'Rue de Bretagne','75003','Paris',2.363803,48.862217);
INSERT INTO ADRESSE (ID, IDUTILISATEUR, NUMERO_VOIE, RUE, CODE_POSTAL, VILLE, LONGITUDE, LATITUDE) VALUES (10,10,13,'Rue Charlemagne','75004','Paris',2.360166,48.854245);
INSERT INTO ADRESSE (ID, IDUTILISATEUR, NUMERO_VOIE, RUE, CODE_POSTAL, VILLE, LONGITUDE, LATITUDE) VALUES (11,11,241,'Rue de Bercy','75013','Paris',2.368746,48.847280);
INSERT INTO ADRESSE (ID, IDUTILISATEUR, NUMERO_VOIE, RUE, CODE_POSTAL, VILLE, LONGITUDE, LATITUDE) VALUES (12,12,NULL,'Rue Esquirol','75013','Paris',2.368746,48.847280);
INSERT INTO ADRESSE (ID, IDUTILISATEUR, NUMERO_VOIE, RUE, CODE_POSTAL, VILLE, LONGITUDE, LATITUDE) VALUES (13,13,13,'Rue de Bagnolet','75000','Paris',2.395404,48.856797);
INSERT INTO ADRESSE (ID, IDUTILISATEUR, NUMERO_VOIE, RUE, CODE_POSTAL, VILLE, LONGITUDE, LATITUDE) VALUES (14,14,58,'Rue de la Fontaine au Roi','75019','Paris',2.373858,48.868196);
INSERT INTO ADRESSE (ID, IDUTILISATEUR, NUMERO_VOIE, RUE, CODE_POSTAL, VILLE, LONGITUDE, LATITUDE) VALUES (15,15,5,'Rue de la Maison Blanche','75013','Paris',2.358438,48.826096);
